Sr.No.,RollNo,Name,Group,Gender
1,80244,Narkhede Uday Suresh,B1,M
2,80245,Ayush Sagar,B2,M
3,80246,Prajwal Mahesh Gursale,B1,M
4,80253,Vaishnavi Sahu,B2,F
5,80267,Pranjali Bhaurao Vanjari,B2,F
6,80272,Kharat Anant Prakash,B1,M
7,80274,Anand Dattatray Shinde,B1,M
8,80278,Shinde Sumit Vasantrao,B1,M
9,80284,Pawan Raju Ukey,B1,M
10,80307,Apurva Chandrakant Pusatkar,B1,F
11,80325,Harshal Dharmik,B1,M
12,80366,Shital Bharat Patil,B2,F
13,80387,Shaikh Maryam Javed,B2,F
14,80389,Subham Das,B2,M
15,80394,Badade Vaishali Rameshrao,B1,F
16,80396,Kartik Gopal Parashar,B2,M
17,80407,Doiphode Pratik Dhanaji,B2,M
18,80413,Gulshan Shailesh Gedam,B1,M
19,80426,Aqib Shaikh,B1,M
20,80435,Mansuri Tanzeel Shaukat,B1,M
21,80441,Sumit Anil Shinde,B1,M
22,80451,Aditi Sonker,B1,F
23,80467,Shinde Samir Dadasaheb,B2,M
24,80476,Chaurasiya Rahul Rakesh,B1,M
25,80484,Shubhankar Sanjay Kondalwadikar,B2,M
26,80490,Abhishek Singh,B1,M
27,80494,Kshitij Waghode,B2,M
28,80510,Kumavat Rushikesh Sunil,B1,M
29,80525,Prasanna Ram Kulkarni,B2,M
30,80533,Pragati Mohan Shendre,B2,F
31,80543,John Mathews,B1,M
32,80551,Amit Kumar,B1,M
33,80563,Nachiket Subhash Shende,B1,M
34,80566,Medsinge Vishwajeet Anandrao,B2,M
35,80580,Damini Hasabe,B1,F
36,80583,Rashmi Triyanand Meshram,B2,F
37,80584,Suraj Kailas Raut,B2,M
38,80590,Khushboo Gajendra Jain,B1,F
39,80612,Rokade Rohan Rajendra,B2,M
40,80614,Rohini Shahiraj Alone,B1,F
41,80615,Borase Nakshatra Dilip,B2,F
42,80627,Murkut Nayan Rameshwar,B2,M
43,80646,Anshu Raj,B2,M
44,80650,Shekhar  Ramchandra Drakshe,B1,M
45,80690,Chaudhari Devika Sanjay,B2,F
46,80695,Aditya Shivpratap Dwivedi,B2,M
47,80727,Saubhagya Prakahar Akela,B2,M
48,80736,Tejas Digambar Patil,B2,M
49,80741,Nagpure Rajatsingh Rajeshwarsingh,B2,M
50,80768,Thorvat Madhavi Dilip,B1,F
51,80782,Murade Avirat Ashok,B2,M
52,80808,Sanket Rameshrao Vaidya,B1,M
53,80826,Vrushsen Nanasaheb Bansode,B2,M
54,80830,Abhijeet Sadashiv Kirwale,B1,M
55,80868,Vaishnavi Ramchandra Chintanwar,B1,F
56,12345,student1,B2,M
57,12346,student2,B2,M
58,12347,student3,B2,M
59,12348,student4,B2,M
60,12349,student5,B2,M
